0,1
-42.4105,20.923803
-40.240517,20.923847
9.677735,15.748058
12.780727,15.477436
-14.248182,-17.558802
-10.021216,-15.296983
-24.897202,-20.51322
-21.835182,-18.238962
21.35016,19.860195
19.560635,20.429356
19.7628,25.459131
17.873081,25.853134
15.088563,-8.931083
14.888446,-7.343472
27.653988,-0.4608911
26.585335,-1.5758004
30.171707,-5.363123
29.06039,-4.0037026
26.647764,10.722848
30.657276,10.425544
-25.587372,-4.0022364
-23.258741,2.415795
24.861315,2.883344
23.455187,-1.6492537
-0.14735316,32.074036
2.6057825,36.344055
-10.981814,9.602591
-16.990269,9.54937
12.268046,10.0704775
7.023111,9.773921
-0.2577025,18.64533
-7.126279,20.098743
-3.8283222,19.180431
-11.730304,19.400187
-26.704815,-10.679245
-20.864885,-13.570529
0.49860016,17.279474
1.0273217,19.602097
29.946281,-13.575772
36.132854,-14.280868
6.687783,16.241592
6.0489287,12.764215
18.99629,-16.749367
16.31552,-18.847094
-22.437195,-11.049015
-23.97656,-8.63348
3.6782832,-14.224705
-10.954324,-13.684233
-30.022108,-19.753454
-26.702873,-17.856707
-16.28941,29.228058
-15.824519,27.335127
-15.521169,25.527935
-13.184656,24.880024
11.639916,6.6496058
19.69821,3.3100224
20.183138,9.340566
16.536512,12.64887
27.149086,-4.3684726
17.081066,1.7884446
21.882544,9.421134
-10.117069,19.194656
-14.707277,12.247523
-3.0983317,15.821304
-7.9178886,17.14042
33.72346,-1.0263393
11.057424,-11.10229
15.060061,-13.682333
11.082872,-5.0891895
9.914482,-0.7805014
19.1935,27.28745
17.268208,22.741262
-2.0709743,-0.61388075
-3.6553247,-1.9344548
42.41605,-8.639343
36.40855,-6.134709
18.91178,4.7869706
14.3336525,-2.6963167
-1.952792,25.536066
-0.70820075,26.8463
-8.928697,14.045094
-12.136658,14.878363
-14.841304,1.2953168
-11.439483,0.21604124
2.9963088,34.471508
5.853564,37.203075
41.264637,-7.178391
40.353035,-8.92663
2.9594567,2.7703626
6.5441904,2.5789208
-17.483774,20.752916
-15.92808,17.525167
44.14116,-5.2724214
-45.65928,-26.795944
-46.50011,-28.671558
30.287422,6.77472
32.134945,6.4227586
-12.180574,8.326185
-2.7100177,22.325298
7.094152,19.712473
19.183714,7.834419
15.195018,-1.1333406
21.120491,10.919195
17.968166,3.3269563
-44.504402,-29.523727
-10.818391,-32.800068
-12.7825575,-31.91205
1.3287205,33.139687
-4.8464327,29.472742
-2.427055,35.468678
4.034331,-15.8945055
9.459052,-16.812756
22.584845,7.8247952
23.607834,9.365223
-17.612196,11.367093
-16.967072,3.3579345
11.152935,-17.336216
12.323956,-22.427734
-13.710263,15.321743
-22.160065,13.154757
-1.4281423,23.644854
20.95637,21.78188
23.074066,26.530666
-23.147127,11.546806
-22.631529,6.5585785
-2.3328412,32.705532
-14.865246,7.5288954
-20.921032,6.1642475
15.013612,-20.022663
16.790482,-14.213079
-6.1010785,-14.843115
-5.058071,17.962582
-8.157421,-26.557405
-9.919581,-25.752989
28.293947,-13.779941
24.473736,-19.68982
-15.3793,9.175386
-13.319844,13.559819
-33.116188,0.12971725
-23.64115,0.68962985
-10.806118,-5.461236
-12.562061,-8.237033
-11.345557,17.75695
51.825672,27.09021
49.675564,27.202135
-4.4425735,9.903217
-9.227093,9.308692
46.387333,1.8858083
44.605618,-3.1675444
33.862434,30.115845
36.39944,31.668182
27.942863,-10.598686
-5.122679,-26.369085
-6.5116367,-27.417068
42.36877,-1.8987218
37.020218,0.934011
-22.433153,16.281652
-18.413454,12.953502
-31.201626,2.6357682
-35.097088,-0.82713884
16.100986,0.32889885
14.497328,-11.882031
-7.120856,-19.510223
-5.53901,-18.510853
30.849726,5.107229
-24.016655,-3.3413641
-17.21412,-1.0489514
-28.793575,-6.3735495
-30.485678,-5.50985
32.54157,-14.701142
30.405617,-8.59552
-11.8314295,-15.103224
-14.052198,-11.01773
-12.527019,-11.937331
1.3823907,14.507275
-12.496423,16.574387
-33.851295,-32.286095
-34.13273,-30.23945
8.800478,22.13385
23.376842,-21.066698
29.001137,5.436085
-2.1045258,-34.31033
-2.60778,-30.729465
5.896026,-16.17375
14.246726,-5.82228
-21.201183,-3.4984343
-25.212023,-0.10469739
14.23746,14.675344
11.729479,18.141203
5.4441276,19.331406
-5.8600082,14.886867
-5.542655,13.204226
43.323963,-7.0145864
42.676895,-3.9169362
15.598396,-10.6184435
-14.812694,22.468678
-16.50001,23.825943
23.71618,1.2666706
16.041046,-6.1378245
-20.498241,10.236197
-13.08007,0.7994008
-11.16697,-10.973201
8.284548,16.85927
44.40731,-8.68849
13.649086,11.367854
10.003597,9.316614
51.945736,29.26037
49.775703,29.372246
-12.617819,-13.586003
-18.473658,-19.514608
4.6078405,23.176413
0.6091771,21.464312
-13.276055,7.067011
14.78037,24.767967
7.3384504,21.384506
-16.944075,-4.2035627
0.56153166,8.9884615
-1.3073232,6.093395
13.358885,19.037249
12.00362,11.803278
13.411065,17.310904
10.153235,19.21834
42.066822,-5.620787
40.788548,-12.055227
-4.8082814,-10.1252775
-4.0093055,-11.84417
-22.24471,9.965642
-19.780607,8.768443
-8.419298,12.262285
-12.92128,18.20682
-3.65574,25.874586
6.0422335,26.342266
13.36161,-13.137599
39.972942,-13.657465
39.58191,-10.65756
-12.580344,-18.0077
-11.760634,-21.663431
-2.9590976,29.334854
-16.8212,-19.960562
-22.405668,4.73018
-18.529224,-8.312411
-18.544855,-5.2055626
-9.31153,-29.756475
-20.415983,13.082814
6.908013,18.072493
8.544592,18.616335
-4.705772,16.267479
-15.47382,-6.6880713
-18.10627,22.693607
16.629831,17.832474
12.19723,22.251947
-9.631036,17.540379
-8.487095,18.785543
8.845386,20.35221
15.988066,14.367952
16.770237,-7.6893935
29.044292,-12.03855
32.421837,-11.400865
-10.5616865,14.477259
-15.243059,2.9581344
-5.4718704,19.606348
29.265697,-0.691286
29.290455,-2.3060753
-5.8486366,21.281395
-5.7762456,8.543148
13.033659,-7.0035176
15.162911,-4.420088
20.874172,7.837697
16.345434,3.309887
0.49821508,-14.685723
-1.2512326,-10.106102
22.710796,-10.741676
22.726496,-19.484383
12.716901,-27.640732
14.422607,-26.736025
-19.061283,33.36423
-20.349916,30.172571
22.012207,-4.5990624
22.669933,-3.0696151
13.787997,2.0252123
12.777664,0.6285227
30.529781,0.4018388
26.165564,-10.661673
24.439426,-10.656388
35.505157,-15.9640665
-18.6812,3.8479643
-14.025445,4.1924095
-37.19381,-40.31616
-38.568962,-38.70893
-25.456867,8.568679
5.334376,17.484735
-31.299938,0.82426184
-31.996662,-2.6771765
27.007847,-21.774023
-19.337158,21.280798
-21.285187,21.487383
-4.624187,-28.1555
-2.3545227,-32.482716
21.914042,-15.205506
19.028582,-23.034014
9.57026,24.741348
7.534406,27.365767
11.156857,14.595865
4.8195634,33.889244
-16.349342,-32.036186
-18.296503,-34.99003
-13.727732,-14.69739
1.7264912,31.327078
-1.6028556,30.890268
20.369081,1.7001204
15.602086,4.7962923
-16.023739,6.280593
22.865047,-13.718922
25.358904,1.3103209
27.106216,1.1607168
-4.057985,14.276711
13.73227,-14.90333
8.301575,-18.075687
26.170492,-20.060736
28.605314,-25.328587
21.011915,0.0018209404
8.825131,-9.032651
13.959674,-10.236487
-21.416721,14.813855
-23.853968,-1.4866173
-15.564625,-1.6064701
21.084364,26.901632
16.654129,24.468227
-22.534777,-9.359034
2.1182587,-29.504545
3.83968,-30.62194
-10.485143,7.958228
-10.4652815,-20.235392
18.643953,-21.29636
-0.685996,35.74811
9.567198,-5.87029
14.171009,21.981281
7.7356644,3.9721673
5.8247843,4.2225347
-6.318281,16.76456
-14.09142,-12.742673
-29.483074,-14.483924
-31.17227,-14.282948
-19.987951,23.050043
-23.265121,21.67977
20.661432,4.6255174
14.48157,0.55415803
4.720477,13.963586
-19.97199,-33.694324
-21.260847,-30.498367
-44.379826,-4.980164
-43.393425,-1.5167453
31.888304,1.6349256
28.346775,2.4756236
-7.540645,21.732466
-7.884726,23.409496
27.66738,-2.7462795
-15.389389,-10.035828
15.982536,-2.8505764
18.403313,9.372939
25.864838,12.33074
2.9843395,13.319125
-19.61595,-12.516992
35.063793,-12.754619
33.780746,-16.268333
-18.429087,-13.397507
-16.742897,-13.163837
-18.022144,-11.772768
-15.563745,-11.936021
-7.329071,-17.583256
31.987276,-19.860744
-19.290873,-0.80661017
-5.813611,-1.1975738
-7.768873,4.036744
14.627079,3.4088984
-8.742652,20.432943
38.539513,-12.279646
4.988396,15.738809
32.736332,4.672302
28.317644,7.1231475
28.84241,0.88707006
13.239345,6.4466066
-20.516924,4.448761
11.558515,8.385161
-20.76801,-0.08028914
43.433243,-10.480911
7.6858506,13.337036
18.324688,-15.182594
17.059387,-16.260386
17.252342,4.7916274
-8.937554,2.7375667
7.360763,11.649295
-30.368568,-7.3181663
-31.859392,-8.249611
-14.870339,13.985173
34.226784,-11.236696
25.824383,-38.558807
23.977203,-39.705856
14.493881,50.06669
15.051738,53.306072
8.885166,30.329546
12.324375,31.031359
-21.23376,-8.537095
23.442606,-9.250752
35.726997,-3.28977
24.344116,-0.20249185
17.713242,52.109314
15.818441,51.48789
-7.868131,-15.366797
-12.593709,-10.056617
-30.04032,-9.212212
30.112328,2.0764508
-7.9854627,10.521882
-13.127788,-28.076817
-11.170561,-28.939945
31.550896,-13.304851
4.7631683,-17.58881
12.22622,4.974159
8.816333,5.4313965
-1.5321993,15.243844
7.3765197,-30.630726
7.4160004,-26.5475
-15.464404,-5.0480366
-8.717289,7.68101
31.458115,-9.98669
32.878777,-6.723758
25.380104,-12.160351
26.918274,-9.094059
-4.231376,31.332005
-7.360711,26.617722
-3.0682902,-6.9613986
-4.416916,-5.8683276
16.524338,9.35724
24.544111,60.085197
24.54414,57.90901
45.31117,-6.900342
23.345757,6.186152
-23.290728,14.712243
-26.11006,13.150389
-2.2875254,13.383794
0.6644618,28.140467
2.3615947,27.48383
16.863895,-20.599766
14.870746,6.3563256
12.913679,3.4869146
6.2564735,24.573158
22.70371,-0.06766702
24.365206,-3.095324
7.707485,-47.295628
10.8888035,-48.981228
21.876884,-1.4838489
2.8584042,-20.795706
23.65227,-12.16865
24.553827,-16.821537
-1.0537727,21.961218
7.3658576,29.127544
38.275734,-5.770652
35.175022,0.13169552
-12.368611,3.7153413
-8.44053,-24.594694
-11.439714,-27.078777
25.314137,-4.581045
-14.191456,10.61391
-16.4315,12.722768
-24.148174,9.979579
2.1223743,-27.491285
27.225714,-12.205402
-41.112633,-4.2861953
-42.874027,-3.550029
-23.428894,-17.451984
-9.317631,22.039183
-24.09502,-5.07021
3.3708594,32.53381
20.10559,-12.322633
21.065197,-13.702468
12.459914,-16.089293
-3.1517012,6.668744
-5.0876565,11.4568815
0.24495137,30.13263
-14.75028,-15.980047
-13.499345,-21.209932
19.81138,18.58672
-28.905762,-4.7151093
-16.971289,-7.5138493
-15.876309,10.805913
2.7223606,19.446201
3.3235474,22.181843
-10.490486,20.780413
32.1672,-8.307338
33.477913,-5.0617623
10.218171,31.724918
25.886522,4.3371863
26.468857,-13.823895
10.249785,-13.981106
11.987905,-14.334696
6.178542,35.313644
8.8319235,39.821465
13.492748,23.546097
29.971512,38.13778
30.644045,36.332153
-19.909792,-6.006342
-21.312822,-6.8345575
5.398908,-2.3221874
6.2679524,-0.7228082
-2.533053,-16.550743
-5.709396,-16.75672
0.86744523,-18.24024
-2.3367367,-18.39001
25.446465,-15.415183
21.481646,-20.505274
20.336523,-4.652609
-13.642143,2.459451
-0.44352034,13.701651
-22.634188,-7.6747756
26.018433,-3.134215
-32.02995,-6.3436275
26.56855,2.7203481
7.7956777,25.633757
-28.168148,-11.726653
-29.707623,-16.220251
-10.033119,12.678854
-12.990842,11.899694
1.0409209,35.01589
8.334963,7.0619397
20.466108,23.62207
-7.2678337,13.57128
-19.036098,5.521546
-15.687395,4.58508
-34.60354,-34.37346
-32.37517,-34.066418
33.15578,-9.819385
-7.508722,8.867669
-6.9677715,7.2144985
8.536143,-13.483708
9.779199,-12.343633
10.327467,22.96395
-21.431591,11.591405
28.543934,39.37422
30.764057,39.95409
-20.7512,-15.512224
-19.137589,-16.059418
-26.49867,-14.138339
31.13495,-6.913287
19.565498,14.267839
-19.564188,-14.497302
-23.521059,-15.680872
-22.06447,-14.650546
9.974802,17.45022
18.712545,1.812571
-5.4438186,33.06765
-19.679993,14.635438
21.373446,14.187161
25.024714,14.061369
-0.6980342,33.89951
-6.068618,-7.0348988
-10.995449,-7.4526777
-27.633875,3.793258
-24.91894,1.8159262
0.5183753,-28.50942
3.8223047,-28.549875
-1.347366,17.055328
-16.545542,1.6995565
29.761469,-10.282322
37.330906,-15.839477
30.71376,-3.4527361
16.183512,-12.396007
11.71805,19.88101
11.770182,-8.273061
14.528473,12.909456
-16.880095,-2.6220002
-18.499744,-6.825546
-22.646036,-4.2306995
-28.35925,-18.822926
18.49355,17.243198
18.035769,19.07521
-16.736826,-10.839776
-18.356825,-2.1177874
19.332214,0.24178073
15.464799,23.07617
23.994307,12.427879
-16.442656,22.09735
-15.291813,15.76224
-12.553272,10.144172
-0.8320292,-17.365055
-9.928664,-12.242006
-26.459455,-15.9689245
-25.002262,-14.840242
-25.014866,-16.774086
-28.018827,-13.405166
-2.3848922,20.591385
-9.217605,-1.8013242
-18.243958,2.1454828
5.2032514,31.837284
32.376583,-3.745268
31.772373,-5.3053713
29.580832,3.7491581
-13.977636,-7.4201045
18.989372,-11.0304985
-17.825357,-14.851211
23.139439,14.067783
-21.378353,8.228305
-9.677632,23.753252
11.678431,-0.8237796
10.728114,-15.666882
9.952248,-18.553108
-28.217257,-17.025234
-26.683336,-19.596468
-17.249582,25.776535
-13.96608,-9.192978
-11.101423,-9.199417
2.431493,-6.771519
-31.478617,-16.709303
17.687918,-17.885908
36.970856,3.2702365
35.257473,2.0681834
-5.785195,34.93344
-3.9651003,34.15708
-19.82919,-2.603273
14.956903,18.387285
3.4433835,6.737709
-26.933191,-8.780474
-30.124413,39.828552
-32.27604,39.8086
10.148952,-20.2783
-7.543868,-30.521057
22.852966,10.895875
33.269783,-12.864083
-9.471967,-8.554428
-10.85827,16.205667
10.054088,7.2330713
-27.180939,7.617191
-27.840378,2.1000576
-16.97961,16.097525
25.559141,-18.35731
29.048542,-21.839018
16.526817,6.3506455
21.474434,17.828787
-4.41859,-13.834114
9.480202,3.8493314
17.791706,14.229318
41.48763,-10.370209
34.943195,-9.560094
-9.520173,-10.387065
-33.692257,-5.4768705
-26.732944,-1.0308152
42.72183,-12.229079
4.351297,-10.085114
5.093389,-8.398405
-17.001408,-5.82042
-16.00829,0.06715238
-9.503455,-6.794664
-9.17255,-3.468886
-28.873436,-24.677284
-26.673407,-23.63033
9.26374,-10.751584
12.715004,-11.559567
40.76028,5.162133
40.492958,3.022231
20.456623,12.513526
18.76388,-7.8042893
-10.884049,-23.84438
-4.1705885,20.970793
-1.0870042,28.759504
21.443888,-18.447206
25.055307,-1.6818211
-32.108196,-4.491359
-11.146963,-16.721972
8.601967,-21.42783
0.5398561,-3.594495
11.289379,-6.6519814
5.602935,-27.508816
4.8592944,-21.636618
0.7819193,10.7677555
1.8838146,6.011351
-32.523994,-22.782682
-31.824986,-20.737879
-23.398361,-33.245193
-19.806448,-31.700905
18.5182,24.115974
12.657394,-2.2807364
-6.1690354,23.011333
3.9175744,18.456923
-11.924543,2.0655937
-22.373987,-0.55491424
12.620693,13.486998
-25.857403,6.3003435
-29.855705,10.318436
-25.414124,-2.2352896
-24.057621,-6.7989707
24.342289,7.796171
-10.9658165,-30.875063
13.585085,-4.111841
12.5807085,-24.164001
17.84822,-26.250498
-3.3003683,-27.035376
10.600259,-22.072742
17.467787,27.822678
21.926905,-12.237769
22.40461,-7.8421106
30.776667,-11.732859
1.933473,38.434048
-33.317474,-17.5012
-20.47098,-17.219814
-23.438116,-19.21778
-26.496655,1.0692011
-29.458252,1.4771535
-33.534958,-1.6890637
40.656376,-1.1181798
42.33521,0.056994796
-19.570356,0.95002776
-21.717201,1.2740581
-22.517939,-2.4845705
41.887684,-13.955145
12.694112,-5.4059925
-10.927861,-36.885418
-9.068574,-37.76593
-7.587175,35.527927
-11.454199,36.30697
9.339905,13.992293
8.998436,12.262087
-2.713239,11.043819
-29.054525,4.9082727
8.641915,10.54814
4.0391293,10.49995
-9.9276495,6.2123327
-21.100721,-10.171783
24.05096,15.634314
-5.5637603,-33.108063
-40.67362,-6.173512
-40.321827,-8.0437155
9.042183,-25.354145
5.2703304,-23.536894
7.8695407,-11.868805
15.680808,28.204842
16.521858,29.82151
-2.0497024,-24.002693
-16.408678,14.362501
-17.293457,5.0310507
32.38972,-2.0848138
-11.560851,24.119965
-43.619186,-8.940622
-45.276047,-10.253352
-47.15393,-7.6215897
-40.14288,-10.188719
54.931778,-9.339894
57.778328,-9.883361
27.314701,-15.364603
23.689358,-18.159203
-22.461685,25.156963
45.87642,4.0185237
44.30593,5.343336
-42.4908,-5.604134
-31.679773,-0.92785245
-32.38505,5.6814632
-26.285141,2.7963293
0.16684623,23.23108
31.561392,8.341953
13.866989,32.453465
11.616612,34.87432
8.984859,-2.2686737
-6.8071837,18.550213
10.217866,2.229647
-22.279598,-12.76113
-0.44428986,-5.0923195
1.4486428,-5.166069
12.600938,-31.677923
14.49914,-31.09916
-28.738993,-3.0760758
-0.058564894,38.93866
-14.006604,-3.9582973
-15.230076,-13.878713
17.076014,15.994974
-3.8420675,-33.660316
-14.61306,24.109276
-12.668731,27.925938
-16.576204,-21.940495
-25.04895,-18.537523
8.380407,8.761712
35.103798,-4.878274
-24.074926,13.140679
-16.76325,-36.31042
-30.001383,-21.596624
3.0567296,23.995842
6.7796345,-49.13736
9.746376,-47.14278
-10.844029,-18.443933
-12.234291,-19.824522
-12.645497,-33.855465
-12.15373,21.068218
-13.738709,21.286392
-15.318397,20.551435
-12.431129,-4.638709
7.382829,-10.119346
0.91038746,-20.043121
-2.1640775,-20.165749
-5.7354336,-3.3039453
24.677313,-13.772243
-23.459074,-13.872851
10.335214,11.046963
40.042473,-5.2712264
-26.515804,-12.397559
3.3081534,-8.482211
37.94544,-14.018848
8.445507,2.3583794
25.080206,-21.454454
-9.020919,-18.803696
-8.33061,37.314598
12.595485,49.446873
31.398224,3.357828
-1.4106748,-42.649857
-0.30559486,-44.49834
-3.6887858,-23.234154
4.416075,35.833202
-28.290705,-9.975471
18.632353,29.330648
-10.333552,25.427502
22.40654,23.194447
22.677162,28.576883
3.9841304,20.581142
8.290356,-7.2203655
13.46339,-8.56258
-7.8852334,-28.691038
-6.1341295,-29.311092
3.8367414,28.62969
-3.0393362,24.063639
35.702595,-7.893956
26.205826,7.5043955
29.945936,-32.193504
20.902481,-23.686703
15.861522,-23.64551
-6.931761,-34.524063
8.900022,-15.172244
4.763468,-12.653377
-13.960271,-26.307646
-17.611052,-25.13674
21.600195,6.1910815
-8.234242,-22.749897
12.864226,-25.821121
16.007011,-27.54098
34.009995,-3.075404
-14.156501,17.096743
14.715142,20.180202
-12.780251,5.402091
26.378796,-16.932579
11.983617,2.1145618
34.340706,-14.367783
17.191418,-22.441652
-10.227967,37.85444
-6.978022,38.66743
16.908506,49.684563
15.253633,48.258114
4.2004666,-6.7954946
-25.607838,-5.866108
-6.3024797,10.181609
1.9481874,-35.32834
1.4366913,-33.360737
-6.768657,-25.39788
-12.809186,-29.987562
24.139986,4.4652185
-31.196962,37.95621
-19.838743,-9.1653805
29.56785,8.606746
17.41308,10.981245
15.536059,11.008181
10.551868,-9.461517
-3.4432871,-35.75519
10.972262,0.72471386
-13.773957,8.837427
-16.467237,7.898417
5.632718,21.086077
24.756458,20.504494
46.382877,-2.278796
48.313908,0.68680024
-39.143856,-4.9545493
21.732578,25.06756
-36.37191,-38.2397
10.4800005,21.146593
19.308992,10.952198
41.17882,-26.437605
39.441463,-27.445692
2.088237,29.396517
30.813505,-1.5086744
-11.690991,13.185339
-4.409855,-30.078468
-4.1121936,-31.847183
2.5947714,11.545466
9.339541,26.646648
4.974213,7.626264
-45.415966,-1.0872675
12.810113,-17.77475
36.650944,-17.597336
5.712082,28.12182
-8.364663,1.105938
-11.018437,4.9067883
17.912827,-12.554854
-41.47551,-11.686167
33.180096,-21.739428
35.796284,7.0303917
33.765457,7.866752
-31.528238,-12.214333
4.3309035,-3.668961
11.816655,-47.139496
2.0481107,7.952671
44.57822,0.95287675
46.43127,-0.21583116
1.3926218,-23.689425
3.5522416,-24.570236
33.281406,39.84221
34.660328,41.365562
-9.060344,-31.70014
1.4338198,-8.368961
19.708323,-18.287634
22.548733,-16.910461
16.073376,-25.611858
35.381718,-1.6581186
32.092854,-0.24639301
36.786995,-12.544831
-32.743015,1.8411419
-24.48568,3.5614097
-1.2175114,-6.736158
4.9466486,41.190453
5.43524,39.255955
-31.646507,-18.717129
31.063555,-21.76637
30.108488,-23.546778
20.955757,-10.866678
18.273726,-9.429903
-15.49076,-48.68832
-13.317887,-48.68832
-2.939217,-28.978348
3.2790525,-5.118521
2.4656012,-0.3978319
13.958949,28.300653
11.134905,25.943453
11.172149,3.687599
-20.818087,32.114075
-18.846916,31.42159
-14.707743,18.822353
-22.286358,-51.702362
-22.286358,-49.52948
-31.672983,34.22904
-33.846012,34.170033
-9.27391,-16.969679
5.1473837,-5.278139
15.771361,-17.257273
-20.485014,19.755472
7.677998,-5.537138
-28.425364,-1.3665415
-35.579617,-2.739004
-33.777065,-3.58551
-21.677448,28.775015
17.681938,-2.874311
5.3749566,9.2723255
6.7152567,7.783201
15.100707,16.590092
0.40565768,7.069974
18.152298,-19.497402
3.6480877,30.646477
6.6100154,33.170513
-27.183674,-4.652531
-23.714985,-12.084412
3.0550823,-22.728802
-0.6047196,-20.989628
-6.624486,24.78941
15.458805,1.8898268
-20.54135,24.807379
42.55435,4.2203336
42.512596,6.391455
-19.556084,17.958027
11.36107,16.438173
-14.83217,-22.529724
-15.1841545,-27.912218
-9.231017,15.779237
37.048443,-4.488536
-24.965656,11.688568
25.1243,6.0155706
-14.443404,5.8899665
3.6463792,4.659688
-18.198559,-9.959264
2.1382725,-31.51823
6.4050455,14.497608
-5.748669,40.122425
6.3219347,-6.738175
-36.176357,2.6039014
-14.606532,-32.948864
-44.936848,-19.345371
-44.921776,-21.507488
3.858402,37.888172
19.512701,-24.804201
19.842438,-19.999666
-9.095589,-13.809947
-44.80839,-12.188058
-44.763523,-14.224616
12.971911,25.322706
38.88801,-17.646221
0.6700733,-16.51415
-2.5918813,-14.865659
-12.267258,-6.3582335
25.936872,-0.10507758
-17.712255,17.819162
21.742785,-9.360169
16.005312,21.410507
-28.071314,0.30034184
-22.620415,-5.8999686
20.122213,30.724922
-41.7784,-9.473854
23.354836,17.38239
-0.46639764,-2.0929406
24.717825,-6.0708313
12.579282,27.11757
11.672078,24.104563
-8.273854,28.56324
-6.7753744,29.862568
8.4816885,32.57509
6.4933214,-18.161987
16.165794,26.33381
-37.40259,-3.916615
-23.540632,17.968006
2.6246004,-18.941319
-5.180926,1.9115785
-23.869211,-10.32578
-34.316956,2.6998038
2.2050726,21.018595
-18.075779,8.299303
8.192997,-3.8844006
-23.165438,8.495943
19.87948,6.2248225
-8.790764,32.47848
-6.93731,31.813559
-5.151181,-24.384811
26.562946,-5.939044
34.6486,-6.5621543
13.907673,4.879193
-6.254467,28.052763
16.215956,-29.665138
14.429222,-28.664436
0.122240484,15.713583
-36.803967,-34.75056
-18.50175,24.426699
31.859365,38.05078
28.452753,37.027763
39.16782,-15.592862
-7.2962856,33.761696
-13.877108,-19.373796
22.245464,12.465833
48.1406,-1.4119468
-17.957758,-30.974604
-14.741609,-30.72644
-0.7905925,11.873312
33.927452,-8.176504
7.146425,-14.804084
6.492699,-20.333345
3.2337172,15.020701
16.357508,19.651306
-24.651726,19.783829
29.415468,-7.08169
-2.0807688,-11.686668
-7.35901,-32.453205
-10.8382845,-34.9483
-0.7356726,-19.15513
-13.989599,26.539333
-22.377611,30.686745
-22.82238,32.753227
5.766064,11.007709
-9.144365,-5.117462
-24.316814,5.277765
25.837711,-7.47725
20.252638,-1.4991368
-25.945847,4.4709287
28.052374,-20.203714
27.712795,12.267029
23.659325,-4.5560255
20.362833,-21.851843
1.2821459,-21.798145
22.706606,-24.291489
2.1819763,-13.454318
-14.290171,-0.47303525
5.5996623,29.955305
-25.499435,-7.725673
-7.452109,-2.444755
-12.679425,-1.0976382
-2.9032514,4.7897315
21.603725,-25.85752
19.86063,-26.694942
6.6318483,-13.052611
38.806404,-0.13952228
-2.3926773,27.389433
2.6178415,25.69744
-11.138892,22.475924
-2.3392673,-5.2818375
34.380398,32.094616
35.86265,29.55923
12.298354,-9.86445
10.687276,-24.099316
28.71023,-8.851467
2.1816578,-15.305954
16.678776,-9.306935
-7.1057835,2.3493307
-15.775371,-25.84912
0.52079165,-9.991044
3.1782222,-11.808201
20.815903,-16.734081
-9.166978,26.838688
-23.138372,-23.265688
21.839705,-28.070526
34.216366,5.9312143
-22.88889,-29.430538
-25.06577,-32.13587
32.78005,-18.089586
-1.0135514,9.966376
-17.927315,0.43739298
-9.594887,36.042473
22.046057,1.40778
17.808048,20.911512
18.619076,-1.3742467
5.522851,-25.528275
-3.989024,-17.5694
-18.068174,-32.95987
-16.368166,-34.184933
10.913791,-30.652832
9.297965,-27.361849
-12.977695,22.93443
-6.6337733,-23.476074
-29.750982,-12.779193
22.986118,-6.1398497
-1.434329,-27.721964
-1.8058351,-25.896696
-33.52866,-7.510505
-33.391087,-9.368618
-2.1263027,-22.041634
-24.914524,-22.48183
19.369316,-3.060642
-6.5830307,5.3813486
-4.621701,36.36989
-27.9554,-15.232185
7.2684236,38.587177
-0.65761036,20.286615
-15.433534,-3.3371282
20.102257,-15.155283
-9.651798,-0.13731723
25.204987,-9.105447
-29.358633,3.2242804
-35.23285,-6.6387124
36.669807,-9.253327
4.1406436,26.840757
-1.4167534,37.507027
-0.64775884,41.064816
27.574701,-7.429222
-5.3841295,-20.33743
-37.054493,-5.83971
13.30538,-19.514082
24.122454,-7.6661468
-21.135508,34.193092
22.212036,-38.41084
-3.6844833,-21.17212
-41.36736,-2.1216342
24.328539,22.536009
0.54516673,-6.733656
-19.744495,-22.723532
-28.57005,-8.183169
-16.55324,19.22086
7.096682,40.864136
18.225178,6.302691
-27.05279,-2.8286428
23.814238,-22.900513
-17.54218,-16.47979
-18.924128,-17.768646
7.239764,31.174778
2.3990576,-10.082764
-11.300362,11.417652
29.971241,-20.117794
5.11648,5.903936
1.8132132,4.0734158
-25.704924,18.004377
-0.97977287,-15.516857
-2.8353326,-13.163886
1.4592361,-1.9242301
4.428166,-0.60066926
-21.51769,17.93181
15.836117,62.55385
15.836117,60.380974
-47.792324,-5.800808
11.152885,-25.890373
7.9327474,34.676826
-34.717495,4.4064584
14.549846,30.096285
21.233513,-6.262674
33.554012,0.85181457
-0.24830298,55.53785
1.9245688,55.53785
-15.527471,-18.792303
26.988737,5.7557116
-24.294197,7.189585
-38.758842,-6.88796
15.489509,-15.479082
-9.641472,-27.790382
-25.95953,10.225427
21.566063,3.0067117
-25.36844,-9.486989
-5.6112037,-57.71023
-7.764075,-57.71023
-34.810287,-12.7645035
-33.31417,-11.391855
6.413359,-4.0230465
18.316957,-30.115452
19.75595,-28.668203
-0.46865234,-8.451989
-28.358839,-20.562618
-25.256641,14.619545
-44.77228,-3.1299245
-5.4957156,26.212109
-13.468811,-61.517086
-13.468811,-59.344204
-35.36658,-4.724274
38.86159,-3.8219454
27.436543,9.002535
-25.151276,-11.310186
-8.934104,-35.70359
9.228232,37.960968
6.973236,-8.430709
-28.752035,6.68693
-19.510582,7.123461
-18.749893,16.289894
-2.7048483,9.160773
-28.308552,-22.574253
23.6336,-15.3160095
-12.503578,-2.858286
40.67828,-3.2886143
28.428137,-5.693736
8.392543,-19.723513
-4.116932,8.090814
18.626368,12.561273
-16.877365,-9.129412
-13.028693,-16.333092
25.989359,15.776422
17.365656,7.8038797
1.8503662,16.250713
-0.45372182,-22.782225
-5.193563,-22.301628
-32.83819,-15.357053
0.49601892,-13.023087
35.950073,37.46694
32.980824,36.16025
-7.5036974,15.274361
-22.053234,47.075317
-19.90089,47.075317
9.090913,-33.887375
19.979456,-9.484657
-34.05881,-38.211636
-12.833151,-23.261925
-6.7475677,11.86662
-3.766604,12.478258
37.440002,-7.559614
37.682285,-10.652649
-19.992237,-20.871706
-26.546345,16.105862
-21.8639,23.36667
-43.77206,-27.597015
-42.931747,-25.72274
32.329884,41.667755
8.016869,15.06423
7.705298,36.60153
-20.193531,-19.065619
-1.0399939,-29.604822
22.841438,-35.94558
10.695652,29.792004
-38.283497,-10.922066
-2.2770581,-8.595905
-42.77407,-19.121218
-29.941671,-17.972588
18.966602,-48.02589
18.966602,-50.178757
14.073733,-23.123428
10.603346,12.90397
-11.013469,34.240147
-18.273401,-21.334974
42.342613,2.2051375
31.864819,30.534126
-13.914633,-5.712042
27.649689,-23.545738
-5.1819715,-35.02993
9.160156,0.7665453
-23.997347,23.59486
24.087976,24.626179
-6.409232,36.93078
0.20759091,5.0809174
19.505085,-6.211875
17.260126,-10.934157
-42.134468,-7.526535
3.6604717,8.715103
28.08095,15.768505
-10.867453,27.648584
-46.881996,-11.645735
-45.447945,-8.396629
-17.696571,6.683822
-10.240981,1.5617399
-36.762318,-14.343408
-32.968437,-13.44489
-29.012695,12.372903
-18.706806,10.125996
-9.370455,4.512053
-5.9305587,3.65918
10.785307,-2.3320582
25.045456,26.696632
-43.315952,-10.958045
22.108885,15.883335
-12.768708,29.874073
-15.033225,32.68683
-8.263927,5.880589
29.802336,12.2149105
30.169144,-16.794724
19.060474,22.320415
-21.750305,-20.032497
25.65088,-23.269728
13.114765,20.735277
7.657378,-16.552004
4.406339,-19.545015
-7.568347,40.444805
-8.9331665,39.09035
-3.8008046,-19.348326
44.198494,2.9146013
-5.828527,-31.263794
-8.43182,25.119644
-0.31000316,25.005709
-7.912898,-9.690585
-24.954065,-13.09191
8.851198,-23.246363
3.5220444,1.0133052
2.4347103,-3.4930189
30.955252,-18.442106
27.345495,-18.542645
44.579823,-1.1043315
-29.959295,-11.009353
15.44768,-21.8446
-5.2437544,6.6878185
-3.8471465,-4.032541
-4.4310136,-8.146451
-27.710962,14.249036
2.4464853,-17.166067
-43.967903,-7.0302515
9.181651,28.485872
-6.846286,-21.489868
4.4579296,25.060429
-1.2300906,8.023781
-39.855213,15.403073
-37.712887,15.617235
-6.0840497,-5.1583867
-10.619408,3.2505004
12.440851,29.07661
-22.92215,-25.39462
-21.513702,-22.042547
-30.179726,-1.9763376
-21.067028,-1.6543328
-12.622657,-38.042183
-36.480362,0.63169825
17.765022,-6.2463436
-19.028706,-26.74062
0.9674259,26.255291
-32.83354,3.712757
-4.70636,4.9930663
-23.211355,-21.191122
39.328117,-7.2943897
32.402424,32.639732
-37.603313,-36.654762
-35.519,-36.424397
10.017863,-7.713696
13.396643,51.880062
-3.5569472,-25.1282
-7.6863613,-6.0970535
-36.76217,-12.170938
-34.670147,1.0456425
0.69670725,37.036552
-11.593887,6.6253295
10.9225025,-32.826263
-14.380746,28.58366
4.7213926,2.7769237
-30.502436,-3.7405448
-24.796629,-24.459778
-6.281574,-8.882115
-20.977757,-11.786399
-39.480556,-2.9224443
-8.716659,-20.67732
51.21053,17.26653
51.21053,19.419388
13.668729,-21.24721
14.428747,-18.32441
-44.249924,9.054154
-42.077038,9.054154
-45.837063,-6.2660456
26.192617,-25.02129
11.976846,-3.7384071
-19.542057,-10.863946
-6.41603,0.63946927
0.25099725,-26.572517
11.8879385,-20.72499
3.0085592,41.962708
3.4558835,39.86169
-16.77732,31.10739
-15.217394,-20.691074
12.711831,-29.576569
21.015722,-3.072839
-18.30341,29.518343
13.652213,34.45239
-3.1395369,17.572134
22.095495,-22.303185
11.07596,37.177692
-17.273891,-18.26094
-22.06761,-16.46248
-0.19497764,-24.762476
31.95819,-16.510994
29.195354,-15.320072
10.928668,27.843636
-20.568237,16.364786
23.246378,2.8267553
-17.60686,27.68511
10.492886,5.3495264
-8.649533,30.595753
-19.885565,-4.3634095
-21.237003,-5.1688952
-23.226362,27.142391
-21.667639,-32.445908
-0.8477528,51.073227
-3.020622,51.073227
5.857776,-11.226978
37.34669,-2.724824
1.3878418,40.41523
-44.927425,-24.870584
42.87769,-27.51304
-10.890697,-3.6693823
-14.031654,-2.234978
-31.705772,-10.23167
41.668346,23.59278
41.66834,25.748243
-10.639078,31.778196
-7.7524085,-0.6090463
5.6732583,-31.685768
25.391397,-36.043938
24.0531,-37.560738
25.436491,9.281193
10.830034,39.55151
-1.9694388,39.50859
1.1423159,12.616788
0.46875232,-30.647161
11.747627,32.916584
1.7802008,22.730196
3.449828,16.867096
-17.125355,-27.350962
-18.60316,19.432245
-12.853166,-35.984344
-2.8288429,1.4965241
-0.88932747,1.2270663
-33.9764,27.2121
-31.815273,27.213636
37.065025,-0.8671033
41.140713,-28.50074
14.162977,-16.60544
14.335165,26.562462
-1.1216027,-13.541228
7.189096,-2.2653096
-24.611984,25.50298
15.358209,7.9570265
6.9050994,-22.358387
-3.9786136,3.2740428
1.3657913,24.486616
3.401401,-1.9951344
-35.087475,-8.634882
-36.708294,-9.7892685
44.847843,15.490336
44.847843,17.663212
-16.254992,-15.156008
-16.023478,-17.096813
-13.216776,33.88832
20.620266,-7.868038
38.752346,1.8809191
-38.772182,-33.8244
-18.427525,-3.631451
-15.952488,43.738247
-15.952488,45.91113
33.464844,2.8279939
-18.546713,-28.847527
48.98404,36.915432
48.98404,39.088284
34.80971,-18.046028
6.982403,5.691565
-27.34947,5.4771676
9.036852,-31.63656
-1.6469169,-3.587763
-37.281933,-1.8581946
40.51096,0.81387526
16.788624,-4.55166
23.174068,19.286161
34.140137,-19.939531
-16.18342,-23.867931
-13.381282,19.767414
7.290682,0.96401674
-11.002032,-1.7826328
5.598286,-29.540184
-4.23058,-15.711951
11.579992,-19.059649
-21.134302,26.715214
19.115984,-13.692465
-39.624744,-12.522584
15.981716,31.685295
28.652473,10.529814
2.0037982,17.993359
-24.816463,-30.162159
12.544267,-53.436916
10.414035,-53.132732
-3.9202857,39.641846
17.744822,-28.188822
30.873165,-15.0964575
-33.44628,-36.132103
-10.349791,29.565004
39.48585,-29.50584
35.497707,39.46827
-3.3481581,37.70002
-31.153078,-28.455433
-30.832874,-30.604475
-16.410997,-29.70697
-19.59725,28.131546
-29.840267,-0.22503918
-5.1314626,38.238846
-35.05779,-10.641234
16.873922,-1.29211
-7.3691583,-13.49344
-4.421402,22.729826
-9.686883,10.959291
-20.05683,2.5021503
8.110436,-0.6935597
1.6648003,-49.00308
-0.5080807,-49.015976
14.377412,9.550952
-7.563328,-4.235892
-47.28585,-9.735019
-18.019587,14.660127
-30.560976,6.347229
32.35974,43.843758
32.3362,45.993896
29.124147,-18.462833
4.344499,12.186975
17.64159,-24.31023
-17.975798,-23.239878
-38.461998,-8.852898
10.941485,-28.40235
39.053307,-1.9506367
7.3687377,-32.779408
5.3707995,0.9511164
-4.385418,0.18779126
8.849914,-49.134075
-21.646748,2.989768
-36.847206,-7.7173166
27.706163,4.092415
-39.864166,13.2324295
-1.9503316,18.898195
-27.823555,-51.620636
-27.823555,-53.79351
-24.449135,16.32904
9.918924,-3.948134
-42.95246,-13.219138
-30.806183,4.477074
-24.861084,-26.476238
-1.7677547,3.1790776
-22.559824,19.683493
13.54209,-0.8952124
37.759575,26.083439
38.70703,28.042805
-23.197042,-31.289915
38.46836,-9.017745
56.624622,-8.188199
5.526653,-33.76275
22.785938,21.237226
-0.35257682,-32.536716
-9.07307,34.351234
7.946262,23.725355
0.5016751,-0.1886432
1.5610163,1.4211893
-39.351654,30.506708
-39.351654,28.33383
5.430168,-14.389221
-47.22018,20.499437
-47.22018,22.672308
35.109547,4.110373
9.568949,35.894184
-40.497547,37.122173
-40.497547,34.96931
56.085484,-11.035056
24.697008,10.8399515
-27.658627,9.631928
11.489513,-12.750327
13.371531,8.108935
-26.621494,-21.528639
-38.959854,17.364119
18.520899,-4.625685
-14.652259,30.60018
-34.8245,-15.064344
-19.945988,-7.5768166
12.931264,-33.688118
-2.6608536,-49.00583
28.987148,13.979568
17.745201,0.2102344
32.098827,-32.19117
-49.696632,-6.4330363
-27.09437,-6.84188
-49.09856,-10.805178
-19.523804,11.636675
20.571407,28.781925
1.8306335,-25.549667
-25.689585,-44.28652
-25.689585,-46.459393
34.01953,37.925755
-49.018333,-8.416782
-21.281864,-24.066917
26.97634,14.055429
25.307747,17.552309
-4.5522175,-51.794415
-5.5680976,-53.58565
-0.41091514,-11.666847
22.440659,4.509514
42.752964,-29.566875
35.925804,-11.021049
0.2775927,62.23794
0.2775927,64.41081
-19.124733,26.22363
9.177779,-29.44374
5.999953,42.846016
7.377647,-28.532759
-4.1671405,27.680212
-44.37013,25.51563
-42.197254,25.51563
-3.0646136,-10.178128
-27.155853,11.638916
-12.886868,31.819834
-2.7784376,-46.835625
50.983612,-28.61157
50.983612,-26.438696
-29.130434,-29.247366
22.723684,44.562744
22.723684,46.715614
-48.665043,-4.0439825
-29.220629,8.481458
-7.352952,-52.572582
-7.8351793,-7.8345323
20.964142,56.737747
20.96425,54.57161
-35.936077,-32.608616
-34.194057,25.071394
7.236082,-24.439388
-0.04716184,-34.81359
0.74313134,-42.618122
1.4124135,-11.557113
14.3967705,-24.866417
29.830133,-30.02317
2.2697954,9.788075
-47.075592,-19.114656
-9.699997,59.06243
-9.699997,56.90957
37.564903,38.887524
-31.179838,8.500382
-15.443402,-8.328843
-47.021748,-2.3969219
-21.68215,43.18932
-23.833311,43.18932
-46.37755,-4.309754
28.298079,-16.902239
-4.8840184,24.467785
-8.160897,-11.790157
9.894107,33.819496
-26.39259,21.077208
20.200008,16.102707
-51.7166,-32.53564
-51.7166,-34.708523
-14.375093,-24.375366
0.14797898,2.9069803
3.6553183,-32.855354
-36.274223,-30.567633
-6.3370714,-50.781345
-19.499714,-24.746584
-26.978199,-25.821098
6.3238397,22.813444
17.967564,31.355995
-10.024587,-22.147308
-5.822273,-12.607987
-35.115093,-40.07505
3.7896354,-26.551086
36.370903,-42.79354
34.440636,-41.847294
-48.591038,-12.798463
37.432655,-39.02854
37.432655,-36.878643
11.133239,54.992237
8.967336,54.99195
-34.22005,29.373428
-12.023436,26.179117
-12.248228,-25.305183
-33.975933,-20.374065
-20.584717,-28.271137
-21.004068,-26.231995
-6.5406914,-10.916126
23.703308,-26.492188
